id,name,lastName
1,Guillermo,Annett
2,Ruthe,Arkwright
3,Laina,Probat
4,Rhody,Murrie
5,Yancy,Kirlin
6,Aurilia,Reuben
7,Jacky,Kettlestring
8,Oliy,Side
9,Aubine,Hullins
10,Ciro,Rockliffe
11,Frederich,Olford
12,Vladamir,Mapis
13,Garry,Lissenden
14,Milicent,Chapleo
15,Frederich,Orht
16,Silas,Ord
17,Lorrie,Luparti
18,Filia,Cregan
19,Sara-ann,Cheese
20,Urbain,Vassay
21,Freddy,Freschini
22,Rhoda,Yexley
23,Rockie,Zammett
24,Nancee,Kadar
25,Rawley,Clifforth
26,Hasheem,Becom
27,Odelle,Paolillo
28,Oralle,Marqyes
29,Mychal,Maiden
30,Spenser,de Bullion
31,Ivan,Fere
32,Orran,Woolvett
33,Wyndham,Digwood
34,Lorrayne,Pllu
35,Teddie,Turley
36,Elonore,Pipkin
37,Ferdinanda,Tewelson
38,Archer,Ingraham
39,Jayme,Connick
40,Cristy,Godridge
41,Gretel,Girdlestone
42,Farrell,Whiley
43,Odetta,Gather
44,Rube,Gashion
45,Roderick,Ricardon
46,Gerald,Corrison
47,Thaxter,Vamplus
48,Ronalda,Uridge
49,Foster,Klimkiewich
50,Myrtle,Pirie
51,Nanice,Firmin
52,Blondie,Gettens
53,Maxie,Zamorano
54,Delcine,Carthy
55,Crissy,Crowdy
56,Carlee,Edwins
57,Jolyn,Pittendreigh
58,Jacynth,Gout
59,Gaile,Birnie
60,Stefan,Carleman
61,Malcolm,Switzer
62,Nadean,Sproule
63,Meaghan,Seawell
64,Quillan,Booi
65,Mavra,Broke
66,Therese,Hinstock
67,Ario,McGivena
68,Tory,Mazonowicz
69,Abel,Delahunt
70,Bary,Chapelhow
71,Codie,Munn
72,Aubrey,Cottrell
73,Klara,Gomer
74,Alexis,Tremoille
75,Lamont,Dorot
76,Humphrey,Cully
77,Olwen,Simms
78,Carly,Glavis
79,Malvina,Brighouse
80,Hamish,Stote
81,Flemming,Gallihaulk
82,Genvieve,Swadlen
83,Major,Ingyon
84,Rolando,Menier
85,Alissa,Cutford
86,Alistair,Sambles
87,Herta,Schottli
88,Jamison,Wilbor
89,Cindra,Conningham
90,Elnar,Warcup
91,Nicolai,Lockton
92,Karin,Banker
93,Marcelline,Ambrogio
94,Gearard,McSorley
95,Sauncho,Skerritt
96,Norma,Goodhand
97,Amitie,Rugge
98,Aggie,Seeger
99,Marie-ann,Row
100,Giovanna,Acory
